symbol,episode_id,created_utc,lower,upper,width_pct,rotations,recorded_trades_while_active,recorded_depth_while_active,future_bars_available_of_30,future_high,future_low,above_upper_seen,below_lower_seen,confirmed_candidate
LSKUSDT,EP_a99f09b70f84ecec8f247c4f,2026-09-20T12:06:39.182000+00:00,0.36804,0.37369,1.5234654119423627,5,0,0,30,0.37813,0.37238,True,False,False
COTIUSDT,EP_249a37ecbdb9f3ef55bd25a3,2026-09-20T12:06:39.540000+00:00,0.017649,0.017819,0.9586105785496787,4,0,0,30,0.017756,0.0174,False,True,False
ARUSDT,EP_cf2207d9216889b13b265c82,2026-09-20T12:06:45.376000+00:00,4.274,4.347,1.6935390325948356,4,0,0,30,4.345,4.258,False,True,False
牛来USDT,EP_8510cf1216fd24dc8b0a903b,2026-09-20T12:06:46.985000+00:00,0.10095,0.1029,1.9131714495952978,4,0,0,30,0.10254,0.10035,False,True,False
CHIPUSDT,EP_b48939af00905adf99a42f22,2026-09-20T12:06:47.483000+00:00,0.04087,0.04118,0.7556368068251181,4,39,45,16,0.04119,0.04082,True,True,False
AKEUSDT,EP_11d201c2090169e21ec64798,2026-09-20T12:09:15.218000+00:00,0.045326,0.054242,17.90936847179817,4,8141,138,30,0.052728,0.0462,False,False,False
CELRUSDT,EP_cb71636e177350a3f1b26a71,2026-09-20T12:10:20.894000+00:00,0.003901,0.004065,4.117499372332414,4,499,106,30,0.004236,0.00396,True,False,False
FUSDT,EP_d7de46a424836b4ee6a863f7,2026-09-20T12:17:38.693000+00:00,0.003608,0.003635,0.7455474251000997,4,0,0,30,0.003637,0.003596,True,True,False
XMRUSDT,EP_0a789af31cc268949bb84ce9,2026-09-20T12:21:57.717000+00:00,523.07,526.16,0.5890033643719524,4,0,0,30,533.63,526.38,True,False,False
SUSDT,EP_a5030435c47e3e0673412406,2026-09-20T12:23:29.053000+00:00,0.03533,0.03599,1.8508132361189034,4,0,0,30,0.03584,0.03501,False,True,False
MUSDT,EP_f75b512cac0007a9e3e44998,2026-09-20T12:47:40.672000+00:00,1.495,1.5513,3.696287299346735,4,0,0,30,1.5613,1.5086,True,False,False
BANKUSDT,EP_ab64ffe984b889f52f0e5ec7,2026-09-20T12:47:44.195000+00:00,0.03298,0.03326,0.8454106280193102,5,0,0,30,0.03381,0.03321,True,False,False
LSKUSDT,EP_50a6c6aa61a8ac9ca9488a60,2026-09-20T12:47:44.715000+00:00,0.37238,0.37734,1.3231606466414183,4,0,0,28,0.38659,0.37555,True,False,False
CUSDT,EP_83e3a307cef4d079dc809702,2026-09-20T12:47:46.565000+00:00,0.07548,0.07706,2.0715877802543567,4,0,0,30,0.08127,0.0762,True,False,False
PONSUSDT,EP_ba8d4fc2fa217f6d2d2fbb54,2026-09-20T13:00:27.052000+00:00,0.5705,0.5776,1.2368260604476955,4,0,0,30,0.5781,0.565,True,True,False
COTIUSDT,EP_0daabeb2495ab2f17976f36b,2026-09-20T13:13:26.546000+00:00,0.017553,0.017792,1.3523836469090373,4,0,0,30,0.018095,0.01772,True,False,False
EVAAUSDT,EP_b6e191125b31afe77ada530f,2026-09-20T13:15:08.691000+00:00,0.6533,0.6766,3.504022858861567,4,0,0,30,0.703,0.6805,True,False,False
SKLUSDT,EP_8859c1a8f3cb3e9753ced39e,2026-09-20T13:18:54.412000+00:00,0.004347,0.0044,1.211844060820855,4,0,0,0,,,False,False,False
ARXUSDT,EP_51638f829da395406c40a804,2026-09-20T13:20:35.897000+00:00,0.1871,0.1893,1.1689691817215768,5,0,0,0,,,False,False,False
ONEUSDT,EP_55d07586086b9032d05936fb,2026-09-20T13:41:19.773000+00:00,0.0037274,0.0039223,5.095624665019543,5,0,0,30,0.0039049,0.003512,False,True,False
CAPUSDT,EP_ac4d164b2a70d6ea00a93298,2026-09-20T13:41:21.048000+00:00,0.0445,0.04558,2.3978685612788735,4,0,0,30,0.04499,0.04451,False,False,False
MARSCOINUSDT,EP_52fa9cf84b68dc6547f77bcc,2026-09-20T13:51:16.322000+00:00,0.09406,0.09525,1.2571971897945133,4,20,14,29,0.09522,0.09328,False,True,False
CTSIUSDT,EP_1e3bf7cfdc56c4cbe3c8aa9a,2026-09-20T13:51:17.322000+00:00,0.02869,0.02943,2.546455609084656,4,0,0,30,0.02931,0.02851,False,True,False
DASHUSDT,EP_086e5ec9e5b038874b06f08c,2026-09-20T13:51:20.537000+00:00,55.49,55.9,0.7361522578328334,5,0,0,29,55.29,54.51,False,True,False
CELRUSDT,EP_aabf2320b9ace70e7c10f6c4,2026-09-20T14:09:36.498000+00:00,0.003961,0.004107,3.619236489836398,5,0,0,27,0.004498,0.004239,True,False,False
B2USDT,EP_4dd1bd586bdd27eedfd8eb0e,2026-09-20T14:09:37.326000+00:00,0.4499,0.4576,1.6969696969696937,4,0,0,29,0.4558,0.4424,False,True,False
MYXUSDT,EP_f99baee3c43bebbb7bfdccd1,2026-09-20T14:09:42.976000+00:00,0.07751,0.07845,1.2054372916132474,4,0,0,17,0.07792,0.076,False,True,False
COTIUSDT,EP_715a6bcf9c6136a511eca300,2026-09-20T14:09:46.461000+00:00,0.017838,0.018095,1.4304399855286243,4,0,0,30,0.01795,0.017654,False,True,False
EVAAUSDT,EP_a0729d66e5106a1a163ddbe7,2026-09-20T14:19:30.187000+00:00,0.6776,0.6945,2.4633773048611656,4,0,0,30,0.6915,0.6579,False,True,False
ZAMAUSDT,EP_2829e94c0ed4dc58c10b4f1e,2026-09-20T14:27:33.385000+00:00,0.09008,0.09399,4.248383767045158,5,0,0,30,0.09262,0.08584,False,True,False
CELRUSDT,EP_315dd24359da847f3e2fb0f0,2026-09-20T14:37:48.749000+00:00,0.004239,0.004498,5.928808515508768,5,0,0,0,,,False,False,False
MUSDT,EP_13d177478d9155c9a7ba742a,2026-09-20T14:42:34.465000+00:00,1.5026,1.5408,2.5103502661497017,4,0,0,0,,,False,False,False
PONSUSDT,EP_5b2bf7485b8a02fc47f78ecd,2026-09-20T14:55:23.093000+00:00,0.5602,0.5687,1.5058906900522548,4,0,0,0,,,False,False,False
LITUSDT,EP_8b5a39f900ef8560d92de356,2026-09-20T15:04:21.245000+00:00,4.6537,4.6933,0.8473306943404318,5,0,0,0,,,False,False,False
CAPUSDT,EP_81a2cc128d3e1eed0194ef0b,2026-09-20T15:05:36.418000+00:00,0.04434,0.04496,1.3885778275475982,4,0,0,0,,,False,False,False
BOMEUSDT,EP_61163cb66ebff618b89b9e05,2026-09-20T15:14:08.573000+00:00,0.0008892,0.0008946,0.6054490413723416,5,0,0,0,,,False,False,False
MONUSDT,EP_02a1813c56d471a901f6b437,2026-09-20T15:15:17.687000+00:00,0.0233,0.02342,0.5136986301369802,4,0,0,0,,,False,False,False
EVAAUSDT,EP_c090f793665572a9886368a7,2026-09-20T15:15:52.892000+00:00,0.6569,0.6762,2.895506713674891,5,0,0,0,,,False,False,False
